{"cameraMode":{"drawMode":0,"name":"Shaded","section":"Shading Mode"},"sceneLighting":true,"audioPlay":false,"sceneViewState":{"m_AlwaysRefresh":false,"showFog":false,"showSkybox":true,"showFlares":true,"showImageEffects":true,"showParticleSystems":true,"showVisualEffectGraphs":true,"m_FxEnabled":true},"in2DMode":false,"pivot":{"x":3.008913993835449,"y":2.788020133972168,"z":-2.261601448059082},"rotation":{"x":-0.29150882363319399,"y":0.006884621921926737,"z":-0.0020947116427123548,"w":-0.9565471410751343},"size":27.901771545410158,"orthographic":false}